{"cameraMode":{"drawMode":0,"name":"Shaded","section":"Shading Mode"},"sceneLighting":false,"audioPlay":false,"sceneViewState":{"showFog":true,"showMaterialUpdate":false,"showSkybox":true,"showFlares":true,"showImageEffects":true,"showParticleSystems":true},"in2DMode":false,"pivot":{"x":-1.4510254859924317,"y":16.60883331298828,"z":11.506368637084961},"rotation":{"x":0.07076586782932282,"y":0.008650417439639569,"z":0.00014115653175394982,"w":0.9976164698600769},"size":43.08510208129883,"orthographic":false}