{"cameraMode":{"drawMode":0,"name":"Shaded","section":"Shading Mode"},"sceneLighting":false,"audioPlay":false,"sceneViewState":{"showFog":true,"showMaterialUpdate":false,"showSkybox":false,"showFlares":true,"showImageEffects":true,"showParticleSystems":true},"in2DMode":false,"pivot":{"x":1.298913836479187,"y":-2.095588445663452,"z":10.0540189743042},"rotation":{"x":-0.13513371348381043,"y":-0.15909747779369355,"z":0.021834347397089006,"w":-0.9777905941009522},"size":1.68727707862854,"orthographic":false}