{"cameraMode":{"drawMode":0,"name":"Shaded","section":"Shading Mode"},"sceneLighting":false,"audioPlay":false,"sceneViewState":{"showFog":true,"showMaterialUpdate":false,"showSkybox":false,"showFlares":true,"showImageEffects":true,"showParticleSystems":true},"in2DMode":false,"pivot":{"x":-0.8038989305496216,"y":-0.0810084342956543,"z":1.1469736099243165},"rotation":{"x":-0.34235328435897829,"y":0.0956096276640892,"z":-0.035159096121788028,"w":-0.9341177940368652},"size":11.287444114685059,"orthographic":false}