{"cameraMode":{"drawMode":0,"name":"Shaded","section":"Shading Mode"},"sceneLighting":false,"audioPlay":false,"sceneViewState":{"showFog":true,"showMaterialUpdate":false,"showSkybox":false,"showFlares":true,"showImageEffects":true,"showParticleSystems":true},"in2DMode":false,"pivot":{"x":1.1920928955078126e-7,"y":0.9573172330856323,"z":-0.2660123407840729},"rotation":{"x":-0.4857853949069977,"y":0.015613612718880177,"z":-0.009047329425811768,"w":-0.8739930987358093},"size":7.988872051239014,"orthographic":false}